top_left,top_middle,top_right,middle_left,middle_middle,middle_right,bottom_left,bottom_middle,bottom_right,class
0,0,0,0,1,1,0,1,1,1
0,0,0,0,1,1,1,0,1,1
0,0,0,0,1,1,1,1,0,1
0,0,0,0,1,1,1,2,2,1
0,0,0,0,1,1,2,1,2,1
0,0,0,0,1,1,2,2,1,1
0,0,0,0,1,2,1,1,2,1
0,0,0,0,1,2,1,2,1,1
0,0,0,0,1,2,2,1,1,1
0,0,0,0,2,1,1,1,2,1
0,0,0,0,2,1,1,2,1,1
0,0,0,0,2,1,2,1,1,1
0,0,0,1,0,1,0,1,1,1
0,0,0,1,0,1,1,0,1,1
0,0,0,1,0,1,1,1,0,1
0,0,0,1,0,1,1,2,2,1
0,0,0,1,0,1,2,1,2,1
0,0,0,1,0,1,2,2,1,1
0,0,0,1,0,2,1,1,2,1
0,0,0,1,0,2,1,2,1,1
0,0,0,1,0,2,2,1,1,1
0,0,0,1,1,0,0,1,1,1
0,0,0,1,1,0,1,0,1,1
0,0,0,1,1,0,1,1,0,1
0,0,0,1,1,0,1,2,2,1
0,0,0,1,1,0,2,1,2,1
0,0,0,1,1,0,2,2,1,1
0,0,0,1,1,2,0,1,2,1
0,0,0,1,1,2,0,2,1,1
0,0,0,1,1,2,1,0,2,1
0,0,0,1,1,2,1,2,0,1
0,0,0,1,1,2,2,0,1,1
0,0,0,1,1,2,2,1,0,1
0,0,0,1,1,2,2,2,2,1
0,0,0,1,2,0,1,1,2,1
0,0,0,1,2,0,1,2,1,1
0,0,0,1,2,0,2,1,1,1
0,0,0,1,2,1,0,1,2,1
0,0,0,1,2,1,0,2,1,1
0,0,0,1,2,1,1,0,2,1
0,0,0,1,2,1,1,2,0,1
0,0,0,1,2,1,2,0,1,1
0,0,0,1,2,1,2,1,0,1
0,0,0,1,2,1,2,2,2,1
0,0,0,1,2,2,0,1,1,1
0,0,0,1,2,2,1,0,1,1
0,0,0,1,2,2,1,1,0,1
0,0,0,1,2,2,1,2,2,1
0,0,0,1,2,2,2,1,2,1
0,0,0,1,2,2,2,2,1,1
0,0,0,2,0,1,1,1,2,1
0,0,0,2,0,1,1,2,1,1
0,0,0,2,0,1,2,1,1,1
0,0,0,2,1,0,1,1,2,1
0,0,0,2,1,0,1,2,1,1
0,0,0,2,1,0,2,1,1,1
0,0,0,2,1,1,0,1,2,1
0,0,0,2,1,1,0,2,1,1
0,0,0,2,1,1,1,0,2,1
0,0,0,2,1,1,1,2,0,1
0,0,0,2,1,1,2,0,1,1
0,0,0,2,1,1,2,1,0,1
0,0,0,2,1,1,2,2,2,1
0,0,0,2,1,2,0,1,1,1
0,0,0,2,1,2,1,0,1,1
0,0,0,2,1,2,1,1,0,1
0,0,0,2,1,2,1,2,2,1
0,0,0,2,1,2,2,1,2,1
0,0,0,2,1,2,2,2,1,1
0,0,0,2,2,1,0,1,1,1
0,0,0,2,2,1,1,0,1,1
0,0,0,2,2,1,1,1,0,1
0,0,0,2,2,1,1,2,2,1
0,0,0,2,2,1,2,1,2,1
0,0,0,2,2,1,2,2,1,1
0,0,0,2,2,2,1,1,2,1
0,0,0,2,2,2,1,2,1,1
0,0,0,2,2,2,2,1,1,1
0,0,1,0,0,1,1,1,0,1
0,0,1,0,1,0,0,1,1,1
0,0,1,0,1,1,0,1,0,1
0,0,1,0,1,1,0,2,2,1
0,0,1,0,1,2,0,1,2,1
0,0,1,0,1,2,0,2,1,1
0,0,1,0,2,1,0,1,2,1
0,0,1,0,2,2,0,1,1,1
0,0,1,1,0,0,1,0,1,1
0,0,1,1,0,0,1,1,0,1
0,0,1,1,0,1,0,1,0,1
0,0,1,1,0,1,1,0,0,1
0,0,1,1,0,1,2,0,2,1
0,0,1,1,0,1,2,2,0,1
0,0,1,1,0,2,1,0,2,1
0,0,1,1,0,2,1,2,0,1
0,0,1,1,0,2,2,0,1,1
0,0,1,1,0,2,2,1,0,1
0,0,1,2,0,1,1,0,2,1
0,0,1,2,0,1,1,2,0,1
0,0,1,2,0,1,2,1,0,1
0,0,1,2,0,2,1,0,1,1
0,0,1,2,0,2,1,1,0,1
0,0,2,0,1,1,0,1,2,1
0,0,2,0,1,1,0,2,1,1
0,0,2,0,1,2,0,1,1,1
0,0,2,0,2,1,0,1,1,1
0,0,2,1,0,1,1,0,2,1
0,0,2,1,0,1,1,2,0,1
0,0,2,1,0,1,2,0,1,1
0,0,2,1,0,1,2,1,0,1
0,0,2,1,0,2,1,0,1,1
0,0,2,1,0,2,1,1,0,1
0,0,2,2,0,1,1,0,1,1
0,0,2,2,0,1,1,1,0,1
0,1,0,0,0,1,0,1,1,1
0,1,0,0,0,1,1,1,0,1
0,1,0,0,1,1,0,0,1,1
0,1,0,0,1,1,0,2,2,1
0,1,0,0,1,2,0,2,1,1
0,1,0,0,2,1,0,1,2,1
0,1,0,0,2,1,0,2,1,1
0,1,0,0,2,2,0,1,1,1
0,1,0,1,0,0,0,1,1,1
0,1,0,1,0,0,1,1,0,1
0,1,0,1,0,1,0,0,1,1
0,1,0,1,0,1,0,1,0,1
0,1,0,1,0,1,0,2,2,1
0,1,0,1,0,1,1,0,0,1
0,1,0,1,0,1,2,2,0,1
0,1,0,1,0,2,0,1,2,1
0,1,0,1,0,2,0,2,1,1
0,1,0,1,0,2,1,2,0,1
0,1,0,1,0,2,2,1,0,1
0,1,0,1,1,0,1,0,0,1
0,1,0,1,1,0,2,2,0,1
0,1,0,1,2,0,1,2,0,1
0,1,0,1,2,0,2,1,0,1
0,1,0,2,0,1,0,1,2,1
0,1,0,2,0,1,0,2,1,1
0,1,0,2,0,1,1,2,0,1
0,1,0,2,0,1,2,1,0,1
0,1,0,2,0,2,0,1,1,1
0,1,0,2,0,2,1,1,0,1
0,1,0,2,1,0,1,2,0,1
0,1,0,2,2,0,1,1,0,1
0,1,1,0,0,0,0,1,1,1
0,1,1,0,0,0,1,0,1,1
0,1,1,0,0,0,1,1,0,1
0,1,1,0,0,0,1,2,2,1
0,1,1,0,0,0,2,1,2,1
0,1,1,0,0,0,2,2,1,1
0,1,1,0,0,1,0,1,0,1
0,1,1,0,0,1,0,2,2,1
0,1,1,0,0,1,1,0,0,1
0,1,1,0,0,1,2,2,0,1
0,1,1,0,0,2,0,1,2,1
0,1,1,0,0,2,0,2,1,1
0,1,1,0,0,2,1,2,0,1
0,1,1,0,0,2,2,1,0,1
0,1,1,0,1,0,0,0,1,1
0,1,1,0,1,0,0,2,2,1
0,1,1,0,1,1,0,0,0,1
0,1,1,0,1,2,0,0,2,1
0,1,1,0,1,2,0,2,0,1
0,1,1,0,2,0,0,1,2,1
0,1,1,0,2,0,0,2,1,1
0,1,1,0,2,1,0,0,2,1
0,1,1,0,2,1,0,2,0,1
0,1,1,0,2,2,0,0,1,1
0,1,1,0,2,2,0,1,0,1
0,1,1,0,2,2,0,2,2,1
0,1,1,1,0,0,0,1,0,1
0,1,1,1,0,0,1,0,0,1
0,1,1,1,0,0,2,2,0,1
0,1,1,1,0,1,0,0,0,1
0,1,1,1,0,2,0,2,0,1
0,1,1,1,0,2,2,0,0,1
0,1,1,1,1,0,0,0,0,1
0,1,1,1,2,2,0,0,0,1
0,1,1,2,0,0,1,2,0,1
0,1,1,2,0,0,2,1,0,1
0,1,1,2,0,1,0,2,0,1
0,1,1,2,0,1,2,0,0,1
0,1,1,2,0,2,0,1,0,1
0,1,1,2,0,2,1,0,0,1
0,1,1,2,0,2,2,2,0,1
0,1,1,2,1,2,0,0,0,1
0,1,1,2,2,1,0,0,0,1
0,1,2,0,0,0,1,1,2,1
0,1,2,0,0,0,1,2,1,1
0,1,2,0,0,0,2,1,1,1
0,1,2,0,0,1,0,1,2,1
0,1,2,0,0,1,0,2,1,1
0,1,2,0,0,1,1,2,0,1
0,1,2,0,0,1,2,1,0,1
0,1,2,0,0,2,0,1,1,1
0,1,2,0,0,2,1,1,0,1
0,1,2,0,1,0,0,2,1,1
0,1,2,0,1,1,0,0,2,1
0,1,2,0,1,1,0,2,0,1
0,1,2,0,1,2,0,0,1,1
0,1,2,0,1,2,0,2,2,1
0,1,2,0,2,0,0,1,1,1
0,1,2,0,2,1,0,0,1,1
0,1,2,0,2,1,0,1,0,1
0,1,2,0,2,1,0,2,2,1
0,1,2,0,2,2,0,1,2,1
0,1,2,0,2,2,0,2,1,1
0,1,2,1,0,0,1,2,0,1
0,1,2,1,0,0,2,1,0,1
0,1,2,1,0,1,0,2,0,1
0,1,2,1,0,1,2,0,0,1
0,1,2,1,0,2,0,1,0,1
0,1,2,1,0,2,1,0,0,1
0,1,2,1,0,2,2,2,0,1
0,1,2,1,1,2,0,0,0,1
0,1,2,1,2,1,0,0,0,1
0,1,2,2,0,0,1,1,0,1
0,1,2,2,0,1,0,1,0,1
0,1,2,2,0,1,1,0,0,1
0,1,2,2,0,1,2,2,0,1
0,1,2,2,0,2,1,2,0,1
0,1,2,2,0,2,2,1,0,1
0,1,2,2,1,1,0,0,0,1
0,2,0,0,1,1,0,1,2,1
0,2,0,0,1,1,0,2,1,1
0,2,0,0,1,2,0,1,1,1
0,2,0,0,2,1,0,1,1,1
0,2,0,1,0,1,0,1,2,1
0,2,0,1,0,1,0,2,1,1
0,2,0,1,0,1,1,2,0,1
0,2,0,1,0,1,2,1,0,1
0,2,0,1,0,2,0,1,1,1
0,2,0,1,0,2,1,1,0,1
0,2,0,1,1,0,1,2,0,1
0,2,0,1,1,0,2,1,0,1
0,2,0,1,2,0,1,1,0,1
0,2,0,2,0,1,0,1,1,1
0,2,0,2,0,1,1,1,0,1
0,2,0,2,1,0,1,1,0,1
0,2,1,0,0,0,1,1,2,1
0,2,1,0,0,0,1,2,1,1
0,2,1,0,0,0,2,1,1,1
0,2,1,0,0,1,0,1,2,1
0,2,1,0,0,1,1,2,0,1
0,2,1,0,0,1,2,1,0,1
0,2,1,0,0,2,0,1,1,1
0,2,1,0,0,2,1,1,0,1
0,2,1,0,1,0,0,1,2,1
0,2,1,0,1,0,0,2,1,1
0,2,1,0,1,1,0,0,2,1
0,2,1,0,1,1,0,2,0,1
0,2,1,0,1,2,0,0,1,1
0,2,1,0,1,2,0,1,0,1
0,2,1,0,1,2,0,2,2,1
0,2,1,0,2,0,0,1,1,1
0,2,1,0,2,1,0,1,0,1
0,2,1,0,2,1,0,2,2,1
0,2,1,0,2,2,0,1,2,1
0,2,1,0,2,2,0,2,1,1
0,2,1,1,0,0,1,2,0,1
0,2,1,1,0,0,2,1,0,1
0,2,1,1,0,1,0,2,0,1
0,2,1,1,0,1,2,0,0,1
0,2,1,1,0,2,0,1,0,1
0,2,1,1,0,2,1,0,0,1
0,2,1,1,0,2,2,2,0,1
0,2,1,1,1,2,0,0,0,1
0,2,1,1,2,1,0,0,0,1
0,2,1,2,0,0,1,1,0,1
0,2,1,2,0,1,0,1,0,1
0,2,1,2,0,1,1,0,0,1
0,2,1,2,0,1,2,2,0,1
0,2,1,2,0,2,1,2,0,1
0,2,1,2,0,2,2,1,0,1
0,2,1,2,1,1,0,0,0,1
0,2,2,0,0,1,0,1,1,1
0,2,2,0,0,1,1,1,0,1
0,2,2,0,1,0,0,1,1,1
0,2,2,0,1,1,0,0,1,1
0,2,2,0,1,1,0,1,0,1
0,2,2,0,1,1,0,2,2,1
0,2,2,0,1,2,0,1,2,1
0,2,2,0,1,2,0,2,1,1
0,2,2,0,2,1,0,1,2,1
0,2,2,0,2,1,0,2,1,1
0,2,2,0,2,2,0,1,1,1
0,2,2,1,0,0,1,1,0,1
0,2,2,1,0,1,0,1,0,1
0,2,2,1,0,1,1,0,0,1
0,2,2,1,0,1,2,2,0,1
0,2,2,1,0,2,1,2,0,1
0,2,2,1,0,2,2,1,0,1
0,2,2,2,0,1,1,2,0,1
0,2,2,2,0,1,2,1,0,1
0,2,2,2,0,2,1,1,0,1
1,0,0,0,0,1,0,1,1,1
1,0,0,0,0,1,1,0,1,1
1,0,0,0,1,0,1,1,0,1
1,0,0,1,0,0,0,1,1,1
1,0,0,1,0,1,0,0,1,1
1,0,0,1,0,1,0,1,0,1
1,0,0,1,0,1,0,2,2,1
1,0,0,1,0,1,2,0,2,1
1,0,0,1,0,2,0,1,2,1
1,0,0,1,0,2,0,2,1,1
1,0,0,1,0,2,2,0,1,1
1,0,0,1,1,0,0,1,0,1
1,0,0,1,1,0,2,2,0,1
1,0,0,1,2,0,2,1,0,1
1,0,0,2,0,1,0,1,2,1
1,0,0,2,0,1,0,2,1,1
1,0,0,2,0,1,1,0,2,1
1,0,0,2,0,1,2,0,1,1
1,0,0,2,0,2,0,1,1,1
1,0,0,2,0,2,1,0,1,1
1,0,0,2,1,0,1,2,0,1
1,0,0,2,1,0,2,1,0,1
1,0,0,2,2,0,1,1,0,1
1,0,1,0,0,0,0,1,1,1
1,0,1,0,0,0,1,0,1,1
1,0,1,0,0,0,1,1,0,1
1,0,1,0,0,0,1,2,2,1
1,0,1,0,0,0,2,1,2,1
1,0,1,0,0,0,2,2,1,1
1,0,1,0,0,1,1,0,0,1
1,0,1,0,0,1,2,0,2,1
1,0,1,0,0,2,1,0,2,1
1,0,1,0,0,2,2,0,1,1
1,0,1,0,1,1,0,0,0,1
1,0,1,1,0,0,0,0,1,1
1,0,1,1,0,0,2,0,2,1
1,0,1,1,0,1,0,0,0,1
1,0,1,1,0,2,0,0,2,1
1,0,1,1,0,2,2,0,0,1
1,0,1,1,1,0,0,0,0,1
1,0,1,1,2,2,0,0,0,1
1,0,1,2,0,0,1,0,2,1
1,0,1,2,0,0,2,0,1,1
1,0,1,2,0,1,0,0,2,1
1,0,1,2,0,1,2,0,0,1
1,0,1,2,0,2,0,0,1,1
1,0,1,2,0,2,1,0,0,1
1,0,1,2,0,2,2,0,2,1
1,0,1,2,1,2,0,0,0,1
1,0,1,2,2,1,0,0,0,1
1,0,2,0,0,0,1,1,2,1
1,0,2,0,0,0,1,2,1,1
1,0,2,0,0,0,2,1,1,1
1,0,2,0,0,1,1,0,2,1
1,0,2,0,0,1,2,0,1,1
1,0,2,0,0,2,1,0,1,1
1,0,2,1,0,0,2,0,1,1
1,0,2,1,0,1,0,0,2,1
1,0,2,1,0,1,2,0,0,1
1,0,2,1,0,2,0,0,1,1
1,0,2,1,0,2,2,0,2,1
1,0,2,1,1,2,0,0,0,1
1,0,2,1,2,1,0,0,0,1
1,0,2,2,0,0,1,0,1,1
1,0,2,2,0,1,0,0,1,1
1,0,2,2,0,1,1,0,0,1
1,0,2,2,0,1,2,0,2,1
1,0,2,2,0,2,1,0,2,1
1,0,2,2,0,2,2,0,1,1
1,0,2,2,1,1,0,0,0,1
1,1,0,0,0,0,0,1,1,1
1,1,0,0,0,0,1,0,1,1
1,1,0,0,0,0,1,1,0,1
1,1,0,0,0,0,1,2,2,1
1,1,0,0,0,0,2,1,2,1
1,1,0,0,0,0,2,2,1,1
1,1,0,0,0,1,0,0,1,1
1,1,0,0,0,1,0,1,0,1
1,1,0,0,0,1,0,2,2,1
1,1,0,0,0,2,0,1,2,1
1,1,0,0,0,2,0,2,1,1
1,1,0,0,1,0,1,0,0,1
1,1,0,0,1,0,2,2,0,1
1,1,0,0,1,1,0,0,0,1
1,1,0,0,2,0,1,2,0,1
1,1,0,0,2,0,2,1,0,1
1,1,0,1,0,0,0,0,1,1
1,1,0,1,0,0,0,1,0,1
1,1,0,1,0,0,0,2,2,1
1,1,0,1,0,0,2,2,0,1
1,1,0,1,0,1,0,0,0,1
1,1,0,1,0,2,0,0,2,1
1,1,0,1,0,2,0,2,0,1
1,1,0,1,1,0,0,0,0,1
1,1,0,1,2,0,0,2,0,1
1,1,0,1,2,0,2,0,0,1
1,1,0,1,2,2,0,0,0,1
1,1,0,2,0,0,0,1,2,1
1,1,0,2,0,0,0,2,1,1
1,1,0,2,0,0,1,2,0,1
1,1,0,2,0,0,2,1,0,1
1,1,0,2,0,1,0,0,2,1
1,1,0,2,0,1,0,2,0,1
1,1,0,2,0,2,0,0,1,1
1,1,0,2,0,2,0,1,0,1
1,1,0,2,0,2,0,2,2,1
1,1,0,2,1,0,0,2,0,1
1,1,0,2,1,0,2,0,0,1
1,1,0,2,1,2,0,0,0,1
1,1,0,2,2,0,0,1,0,1
1,1,0,2,2,0,1,0,0,1
1,1,0,2,2,0,2,2,0,1
1,1,0,2,2,1,0,0,0,1
1,1,2,0,0,0,0,1,2,1
1,1,2,0,0,0,0,2,1,1
1,1,2,0,0,0,1,0,2,1
1,1,2,0,0,0,1,2,0,1
1,1,2,0,0,0,2,0,1,1
1,1,2,0,0,0,2,1,0,1
1,1,2,0,0,0,2,2,2,1
1,1,2,0,1,2,0,0,0,1
1,1,2,0,2,1,0,0,0,1
1,1,2,1,0,2,0,0,0,1
1,1,2,1,2,0,0,0,0,1
1,1,2,2,0,1,0,0,0,1
1,1,2,2,1,0,0,0,0,1
1,1,2,2,2,2,0,0,0,1
1,2,0,0,0,0,1,1,2,1
1,2,0,0,0,0,1,2,1,1
1,2,0,0,0,0,2,1,1,1
1,2,0,0,0,1,0,1,2,1
1,2,0,0,0,1,0,2,1,1
1,2,0,0,0,2,0,1,1,1
1,2,0,0,1,0,1,2,0,1
1,2,0,0,1,0,2,1,0,1
1,2,0,0,2,0,1,1,0,1
1,2,0,1,0,0,0,1,2,1
1,2,0,1,0,0,0,2,1,1
1,2,0,1,0,0,2,1,0,1
1,2,0,1,0,1,0,0,2,1
1,2,0,1,0,1,0,2,0,1
1,2,0,1,0,2,0,0,1,1
1,2,0,1,0,2,0,1,0,1
1,2,0,1,0,2,0,2,2,1
1,2,0,1,1,0,0,2,0,1
1,2,0,1,1,0,2,0,0,1
1,2,0,1,1,2,0,0,0,1
1,2,0,1,2,0,0,1,0,1
1,2,0,1,2,0,2,2,0,1
1,2,0,1,2,1,0,0,0,1
1,2,0,2,0,0,0,1,1,1
1,2,0,2,0,0,1,1,0,1
1,2,0,2,0,1,0,0,1,1
1,2,0,2,0,1,0,1,0,1
1,2,0,2,0,1,0,2,2,1
1,2,0,2,0,2,0,1,2,1
1,2,0,2,0,2,0,2,1,1
1,2,0,2,1,0,0,1,0,1
1,2,0,2,1,0,1,0,0,1
1,2,0,2,1,0,2,2,0,1
1,2,0,2,1,1,0,0,0,1
1,2,0,2,2,0,1,2,0,1
1,2,0,2,2,0,2,1,0,1
1,2,1,0,0,0,0,1,2,1
1,2,1,0,0,0,0,2,1,1
1,2,1,0,0,0,1,0,2,1
1,2,1,0,0,0,1,2,0,1
1,2,1,0,0,0,2,0,1,1
1,2,1,0,0,0,2,1,0,1
1,2,1,0,0,0,2,2,2,1
1,2,1,0,1,2,0,0,0,1
1,2,1,0,2,1,0,0,0,1
1,2,1,1,0,2,0,0,0,1
1,2,1,1,2,0,0,0,0,1
1,2,1,2,0,1,0,0,0,1
1,2,1,2,1,0,0,0,0,1
1,2,1,2,2,2,0,0,0,1
1,2,2,0,0,0,0,1,1,1
1,2,2,0,0,0,1,0,1,1
1,2,2,0,0,0,1,1,0,1
1,2,2,0,0,0,1,2,2,1
1,2,2,0,0,0,2,1,2,1
1,2,2,0,0,0,2,2,1,1
1,2,2,0,1,1,0,0,0,1
1,2,2,1,0,1,0,0,0,1
1,2,2,1,1,0,0,0,0,1
1,2,2,1,2,2,0,0,0,1
1,2,2,2,1,2,0,0,0,1
1,2,2,2,2,1,0,0,0,1
2,0,0,1,0,1,0,1,2,1
2,0,0,1,0,1,0,2,1,1
2,0,0,1,0,1,1,0,2,1
2,0,0,1,0,1,2,0,1,1
2,0,0,1,0,2,0,1,1,1
2,0,0,1,0,2,1,0,1,1
2,0,0,1,1,0,1,2,0,1
2,0,0,1,1,0,2,1,0,1
2,0,0,1,2,0,1,1,0,1
2,0,0,2,0,1,0,1,1,1
2,0,0,2,0,1,1,0,1,1
2,0,0,2,1,0,1,1,0,1
2,0,1,0,0,0,1,1,2,1
2,0,1,0,0,0,1,2,1,1
2,0,1,0,0,0,2,1,1,1
2,0,1,0,0,1,1,0,2,1
2,0,1,0,0,2,1,0,1,1
2,0,1,1,0,0,1,0,2,1
2,0,1,1,0,0,2,0,1,1
2,0,1,1,0,1,0,0,2,1
2,0,1,1,0,1,2,0,0,1
2,0,1,1,0,2,0,0,1,1
2,0,1,1,0,2,1,0,0,1
2,0,1,1,0,2,2,0,2,1
2,0,1,1,1,2,0,0,0,1
2,0,1,1,2,1,0,0,0,1
2,0,1,2,0,0,1,0,1,1
2,0,1,2,0,1,1,0,0,1
2,0,1,2,0,1,2,0,2,1
2,0,1,2,0,2,1,0,2,1
2,0,1,2,0,2,2,0,1,1
2,0,1,2,1,1,0,0,0,1
2,0,2,0,0,1,1,0,1,1
2,0,2,1,0,0,1,0,1,1
2,0,2,1,0,1,0,0,1,1
2,0,2,1,0,1,1,0,0,1
2,0,2,1,0,1,2,0,2,1
2,0,2,1,0,2,1,0,2,1
2,0,2,1,0,2,2,0,1,1
2,0,2,2,0,1,1,0,2,1
2,0,2,2,0,1,2,0,1,1
2,0,2,2,0,2,1,0,1,1
2,1,0,0,0,0,1,1,2,1
2,1,0,0,0,0,1,2,1,1
2,1,0,0,0,0,2,1,1,1
2,1,0,0,0,1,0,1,2,1
2,1,0,0,0,1,0,2,1,1
2,1,0,0,0,2,0,1,1,1
2,1,0,0,1,0,1,2,0,1
2,1,0,0,2,0,1,1,0,1
2,1,0,1,0,0,0,1,2,1
2,1,0,1,0,0,0,2,1,1
2,1,0,1,0,0,1,2,0,1
2,1,0,1,0,0,2,1,0,1
2,1,0,1,0,1,0,0,2,1
2,1,0,1,0,1,0,2,0,1
2,1,0,1,0,2,0,0,1,1
2,1,0,1,0,2,0,1,0,1
2,1,0,1,0,2,0,2,2,1
2,1,0,1,1,0,0,2,0,1
2,1,0,1,1,0,2,0,0,1
2,1,0,1,1,2,0,0,0,1
2,1,0,1,2,0,0,1,0,1
2,1,0,1,2,0,1,0,0,1
2,1,0,1,2,0,2,2,0,1
2,1,0,1,2,1,0,0,0,1
2,1,0,2,0,0,0,1,1,1
2,1,0,2,0,0,1,1,0,1
2,1,0,2,0,1,0,0,1,1
2,1,0,2,0,1,0,1,0,1
2,1,0,2,0,1,0,2,2,1
2,1,0,2,0,2,0,1,2,1
2,1,0,2,0,2,0,2,1,1
2,1,0,2,1,0,1,0,0,1
2,1,0,2,1,0,2,2,0,1
2,1,0,2,1,1,0,0,0,1
2,1,0,2,2,0,1,2,0,1
2,1,0,2,2,0,2,1,0,1
2,1,1,0,0,0,0,1,2,1
2,1,1,0,0,0,0,2,1,1
2,1,1,0,0,0,1,0,2,1
2,1,1,0,0,0,1,2,0,1
2,1,1,0,0,0,2,0,1,1
2,1,1,0,0,0,2,1,0,1
2,1,1,0,0,0,2,2,2,1
2,1,1,0,1,2,0,0,0,1
2,1,1,0,2,1,0,0,0,1
2,1,1,1,0,2,0,0,0,1
2,1,1,1,2,0,0,0,0,1
2,1,1,2,0,1,0,0,0,1
2,1,1,2,1,0,0,0,0,1
2,1,1,2,2,2,0,0,0,1
2,1,2,0,0,0,0,1,1,1
2,1,2,0,0,0,1,0,1,1
2,1,2,0,0,0,1,1,0,1
2,1,2,0,0,0,1,2,2,1
2,1,2,0,0,0,2,1,2,1
2,1,2,0,0,0,2,2,1,1
2,1,2,0,1,1,0,0,0,1
2,1,2,1,0,1,0,0,0,1
2,1,2,1,1,0,0,0,0,1
2,1,2,1,2,2,0,0,0,1
2,1,2,2,1,2,0,0,0,1
2,1,2,2,2,1,0,0,0,1
2,2,0,0,0,1,0,1,1,1
2,2,0,0,1,0,1,1,0,1
2,2,0,1,0,0,0,1,1,1
2,2,0,1,0,0,1,1,0,1
2,2,0,1,0,1,0,0,1,1
2,2,0,1,0,1,0,1,0,1
2,2,0,1,0,1,0,2,2,1
2,2,0,1,0,2,0,1,2,1
2,2,0,1,0,2,0,2,1,1
2,2,0,1,1,0,0,1,0,1
2,2,0,1,1,0,1,0,0,1
2,2,0,1,1,0,2,2,0,1
2,2,0,1,2,0,1,2,0,1
2,2,0,1,2,0,2,1,0,1
2,2,0,2,0,1,0,1,2,1
2,2,0,2,0,1,0,2,1,1
2,2,0,2,0,2,0,1,1,1
2,2,0,2,1,0,1,2,0,1
2,2,0,2,1,0,2,1,0,1
2,2,0,2,2,0,1,1,0,1
2,2,1,0,0,0,0,1,1,1
2,2,1,0,0,0,1,0,1,1
2,2,1,0,0,0,1,1,0,1
2,2,1,0,0,0,1,2,2,1
2,2,1,0,0,0,2,1,2,1
2,2,1,0,0,0,2,2,1,1
2,2,1,0,1,1,0,0,0,1
2,2,1,1,0,1,0,0,0,1
2,2,1,1,1,0,0,0,0,1
2,2,1,1,2,2,0,0,0,1
2,2,1,2,1,2,0,0,0,1
2,2,1,2,2,1,0,0,0,1
2,2,2,0,0,0,1,1,2,1
2,2,2,0,0,0,1,2,1,1
2,2,2,0,0,0,2,1,1,1
2,2,2,1,1,2,0,0,0,1
2,2,2,1,2,1,0,0,0,1
2,2,2,2,1,1,0,0,0,1
0,0,1,0,0,1,1,2,1,0
0,0,1,0,0,1,2,1,1,0
0,0,1,0,0,2,1,1,1,0
0,0,1,0,1,0,1,1,2,0
0,0,1,0,1,0,1,2,1,0
0,0,1,0,1,1,1,0,2,0
0,0,1,0,1,1,1,2,0,0
0,0,1,0,1,1,2,0,1,0
0,0,1,0,1,2,1,0,1,0
0,0,1,0,1,2,1,1,0,0
0,0,1,0,1,2,1,2,2,0
0,0,1,0,2,0,1,1,1,0
0,0,1,0,2,1,1,0,1,0
0,0,1,0,2,1,2,2,1,0
0,0,1,1,0,1,0,2,1,0
0,0,1,1,1,0,1,0,2,0
0,0,1,1,1,0,1,2,0,0
0,0,1,1,1,1,0,0,2,0
0,0,1,1,1,1,0,2,0,0
0,0,1,1,1,1,2,0,0,0
0,0,1,1,1,2,1,0,0,0
0,0,1,1,2,1,0,0,1,0
0,0,1,2,0,0,1,1,1,0
0,0,1,2,0,1,0,1,1,0
0,0,1,2,0,1,2,2,1,0
0,0,1,2,1,0,1,0,1,0
0,0,1,2,1,0,1,1,0,0
0,0,1,2,1,0,1,2,2,0
0,0,1,2,1,1,0,0,1,0
0,0,1,2,1,1,1,0,0,0
0,0,1,2,1,2,1,0,2,0
0,0,1,2,1,2,1,2,0,0
0,0,1,2,2,1,0,2,1,0
0,0,1,2,2,1,2,0,1,0
0,0,2,0,0,1,1,1,1,0
0,0,2,0,1,0,1,1,1,0
0,0,2,0,2,2,1,1,1,0
0,0,2,1,0,0,1,1,1,0
0,0,2,1,1,1,0,0,1,0
0,0,2,1,1,1,0,1,0,0
0,0,2,1,1,1,0,2,2,0
0,0,2,1,1,1,1,0,0,0
0,0,2,1,1,1,2,0,2,0
0,0,2,1,1,1,2,2,0,0
0,0,2,2,0,2,1,1,1,0
0,0,2,2,2,0,1,1,1,0
0,1,0,0,0,2,1,1,1,0
0,1,0,0,1,0,1,1,2,0
0,1,0,0,1,0,2,1,1,0
0,1,0,0,1,1,2,1,0,0
0,1,0,0,1,2,1,1,0,0
0,1,0,0,1,2,2,1,2,0
0,1,0,0,2,0,1,1,1,0
0,1,0,1,1,0,0,1,2,0
0,1,0,1,1,1,0,0,2,0
0,1,0,1,1,1,0,2,0,0
0,1,0,1,1,1,2,0,0,0
0,1,0,1,1,2,0,1,0,0
0,1,0,2,0,0,1,1,1,0
0,1,0,2,1,0,0,1,1,0
0,1,0,2,1,0,2,1,2,0
0,1,0,2,1,1,0,1,0,0
0,1,0,2,1,2,0,1,2,0
0,1,0,2,1,2,2,1,0,0
0,1,1,0,0,1,2,0,1,0
0,1,1,0,1,0,1,0,2,0
0,1,1,0,1,0,1,2,0,0
0,1,1,0,1,0,2,1,0,0
0,1,1,0,1,2,1,0,0,0
0,1,1,2,0,1,0,0,1,0
0,1,1,2,1,0,0,1,0,0
0,1,1,2,1,0,1,0,0,0
0,1,2,0,1,0,1,1,0,0
0,1,2,0,1,0,2,1,2,0
0,1,2,0,1,2,2,1,0,0
0,1,2,1,1,0,0,1,0,0
0,1,2,2,1,0,0,1,2,0
0,1,2,2,1,0,2,1,0,0
0,1,2,2,1,2,0,1,0,0
0,2,0,0,0,1,1,1,1,0
0,2,0,0,1,0,1,1,1,0
0,2,0,0,2,2,1,1,1,0
0,2,0,1,0,0,1,1,1,0
0,2,0,1,1,1,0,0,1,0
0,2,0,1,1,1,0,1,0,0
0,2,0,1,1,1,0,2,2,0
0,2,0,1,1,1,1,0,0,0
0,2,0,1,1,1,2,0,2,0
0,2,0,1,1,1,2,2,0,0
0,2,0,2,0,2,1,1,1,0
0,2,0,2,2,0,1,1,1,0
0,2,1,0,0,1,1,0,1,0
0,2,1,0,0,1,2,2,1,0
0,2,1,0,1,0,1,0,1,0
0,2,1,0,1,0,1,1,0,0
0,2,1,0,1,0,1,2,2,0
0,2,1,0,1,1,1,0,0,0
0,2,1,0,1,2,1,0,2,0
0,2,1,0,1,2,1,2,0,0
0,2,1,0,2,1,2,0,1,0
0,2,1,1,0,1,0,0,1,0
0,2,1,1,1,0,1,0,0,0
0,2,1,2,0,1,0,2,1,0
0,2,1,2,0,1,2,0,1,0
0,2,1,2,1,0,1,0,2,0
0,2,1,2,1,0,1,2,0,0
0,2,1,2,1,2,1,0,0,0
0,2,1,2,2,1,0,0,1,0
0,2,2,0,0,2,1,1,1,0
0,2,2,0,2,0,1,1,1,0
0,2,2,1,1,1,0,0,2,0
0,2,2,1,1,1,0,2,0,0
0,2,2,1,1,1,2,0,0,0
0,2,2,2,0,0,1,1,1,0
1,0,0,0,0,2,1,1,1,0
1,0,0,0,1,0,1,2,1,0
1,0,0,0,1,0,2,1,1,0
1,0,0,0,1,1,0,2,1,0
1,0,0,0,1,1,2,0,1,0
1,0,0,0,1,2,0,1,1,0
1,0,0,0,1,2,1,0,1,0
1,0,0,0,1,2,2,2,1,0
1,0,0,0,2,0,1,1,1,0
1,0,0,1,0,0,1,1,2,0
1,0,0,1,0,0,1,2,1,0
1,0,0,1,0,1,1,2,0,0
1,0,0,1,0,2,1,1,0,0
1,0,0,1,0,2,1,2,2,0
1,0,0,1,1,0,0,2,1,0
1,0,0,1,1,0,1,0,2,0
1,0,0,1,1,0,2,0,1,0
1,0,0,1,1,1,0,0,2,0
1,0,0,1,1,1,0,2,0,0
1,0,0,1,1,1,2,0,0,0
1,0,0,1,1,2,0,0,1,0
1,0,0,1,1,2,1,0,0,0
1,0,0,1,2,0,1,0,1,0
1,0,0,1,2,0,1,2,2,0
1,0,0,1,2,1,1,0,0,0
1,0,0,1,2,2,1,0,2,0
1,0,0,1,2,2,1,2,0,0
1,0,0,2,0,0,1,1,1,0
1,0,0,2,1,0,0,1,1,0
1,0,0,2,1,0,1,0,1,0
1,0,0,2,1,0,2,2,1,0
1,0,0,2,1,1,0,0,1,0
1,0,0,2,1,2,0,2,1,0
1,0,0,2,1,2,2,0,1,0
1,0,1,0,0,1,0,2,1,0
1,0,1,0,1,0,0,2,1,0
1,0,1,0,1,0,1,0,2,0
1,0,1,0,1,0,1,2,0,0
1,0,1,0,1,0,2,0,1,0
1,0,1,0,1,2,0,0,1,0
1,0,1,0,1,2,1,0,0,0
1,0,1,0,2,1,0,0,1,0
1,0,1,1,0,0,1,2,0,0
1,0,1,1,2,0,1,0,0,0
1,0,1,2,1,0,0,0,1,0
1,0,1,2,1,0,1,0,0,0
1,0,2,0,1,0,0,1,1,0
1,0,2,0,1,0,1,0,1,0
1,0,2,0,1,0,2,2,1,0
1,0,2,0,1,1,0,0,1,0
1,0,2,0,1,2,0,2,1,0
1,0,2,0,1,2,2,0,1,0
1,0,2,1,0,0,1,1,0,0
1,0,2,1,0,0,1,2,2,0
1,0,2,1,0,2,1,2,0,0
1,0,2,1,1,0,0,0,1,0
1,0,2,1,1,0,1,0,0,0
1,0,2,1,2,0,1,0,2,0
1,0,2,1,2,0,1,2,0,0
1,0,2,1,2,2,1,0,0,0
1,0,2,2,1,0,0,2,1,0
1,0,2,2,1,0,2,0,1,0
1,0,2,2,1,2,0,0,1,0
1,1,0,0,1,0,0,1,2,0
1,1,0,0,1,0,0,2,1,0
1,1,0,0,1,0,2,0,1,0
1,1,0,0,1,2,0,0,1,0
1,1,0,0,1,2,0,1,0,0
1,1,0,1,0,0,1,0,2,0
1,1,0,1,0,2,1,0,0,0
1,1,0,2,1,0,0,0,1,0
1,1,1,0,0,1,0,0,2,0
1,1,1,0,0,1,0,2,0,0
1,1,1,0,0,1,2,0,0,0
1,1,1,0,0,2,0,0,1,0
1,1,1,0,0,2,0,1,0,0
1,1,1,0,0,2,0,2,2,0
1,1,1,0,0,2,1,0,0,0
1,1,1,0,0,2,2,0,2,0
1,1,1,0,0,2,2,2,0,0
1,1,1,0,1,0,0,0,2,0
1,1,1,0,1,0,0,2,0,0
1,1,1,0,1,0,2,0,0,0
1,1,1,0,2,0,0,0,1,0
1,1,1,0,2,0,0,1,0,0
1,1,1,0,2,0,0,2,2,0
1,1,1,0,2,0,1,0,0,0
1,1,1,0,2,0,2,0,2,0
1,1,1,0,2,0,2,2,0,0
1,1,1,0,2,2,0,0,2,0
1,1,1,0,2,2,0,2,0,0
1,1,1,0,2,2,2,0,0,0
1,1,1,1,0,0,0,0,2,0
1,1,1,1,0,0,0,2,0,0
1,1,1,1,0,0,2,0,0,0
1,1,1,2,0,0,0,0,1,0
1,1,1,2,0,0,0,1,0,0
1,1,1,2,0,0,0,2,2,0
1,1,1,2,0,0,1,0,0,0
1,1,1,2,0,0,2,0,2,0
1,1,1,2,0,0,2,2,0,0
1,1,1,2,0,2,0,0,2,0
1,1,1,2,0,2,0,2,0,0
1,1,1,2,0,2,2,0,0,0
1,1,1,2,2,0,0,0,2,0
1,1,1,2,2,0,0,2,0,0
1,1,1,2,2,0,2,0,0,0
1,1,2,0,1,0,0,0,1,0
1,1,2,0,1,0,0,1,0,0
1,1,2,1,0,0,1,0,0,0
1,2,0,0,1,0,0,1,1,0
1,2,0,0,1,0,1,0,1,0
1,2,0,0,1,0,2,2,1,0
1,2,0,0,1,1,0,0,1,0
1,2,0,0,1,2,0,2,1,0
1,2,0,0,1,2,2,0,1,0
1,2,0,1,0,0,1,0,1,0
1,2,0,1,0,0,1,2,2,0
1,2,0,1,0,1,1,0,0,0
1,2,0,1,0,2,1,0,2,0
1,2,0,1,0,2,1,2,0,0
1,2,0,1,1,0,0,0,1,0
1,2,0,1,2,0,1,0,2,0
1,2,0,1,2,2,1,0,0,0
1,2,0,2,1,0,0,2,1,0
1,2,0,2,1,0,2,0,1,0
1,2,0,2,1,2,0,0,1,0
1,2,1,0,0,1,0,0,1,0
1,2,1,0,1,0,0,0,1,0
1,2,1,0,1,0,1,0,0,0
1,2,1,1,0,0,1,0,0,0
1,2,2,0,1,0,0,2,1,0
1,2,2,0,1,0,2,0,1,0
1,2,2,0,1,2,0,0,1,0
1,2,2,1,0,0,1,0,2,0
1,2,2,1,0,0,1,2,0,0
1,2,2,1,0,2,1,0,0,0
1,2,2,1,2,0,1,0,0,0
1,2,2,2,1,0,0,0,1,0
2,0,0,0,0,1,1,1,1,0
2,0,0,0,1,0,1,1,1,0
2,0,0,0,2,2,1,1,1,0
2,0,0,1,0,0,1,1,1,0
2,0,0,1,1,1,0,0,1,0
2,0,0,1,1,1,0,1,0,0
2,0,0,1,1,1,0,2,2,0
2,0,0,1,1,1,1,0,0,0
2,0,0,1,1,1,2,0,2,0
2,0,0,1,1,1,2,2,0,0
2,0,0,2,0,2,1,1,1,0
2,0,0,2,2,0,1,1,1,0
2,0,1,0,0,1,0,1,1,0
2,0,1,0,0,1,2,2,1,0
2,0,1,0,1,0,1,0,1,0
2,0,1,0,1,0,1,1,0,0
2,0,1,0,1,0,1,2,2,0
2,0,1,0,1,1,0,0,1,0
2,0,1,0,1,1,1,0,0,0
2,0,1,0,1,2,1,0,2,0
2,0,1,0,1,2,1,2,0,0
2,0,1,0,2,1,0,2,1,0
2,0,1,0,2,1,2,0,1,0
2,0,1,1,1,0,1,0,0,0
2,0,1,2,0,1,0,2,1,0
2,0,1,2,1,0,1,0,2,0
2,0,1,2,1,0,1,2,0,0
2,0,1,2,1,2,1,0,0,0
2,0,1,2,2,1,0,0,1,0
2,0,2,0,0,2,1,1,1,0
2,0,2,0,2,0,1,1,1,0
2,0,2,1,1,1,0,0,2,0
2,0,2,1,1,1,0,2,0,0
2,0,2,1,1,1,2,0,0,0
2,0,2,2,0,0,1,1,1,0
2,1,0,0,1,0,0,1,1,0
2,1,0,0,1,0,2,1,2,0
2,1,0,0,1,1,0,1,0,0
2,1,0,0,1,2,0,1,2,0
2,1,0,0,1,2,2,1,0,0
2,1,0,2,1,0,0,1,2,0
2,1,0,2,1,2,0,1,0,0
2,1,1,0,0,1,0,0,1,0
2,1,1,0,1,0,0,1,0,0
2,1,1,0,1,0,1,0,0,0
2,1,2,0,1,0,0,1,2,0
2,1,2,0,1,0,2,1,0,0
2,1,2,0,1,2,0,1,0,0
2,1,2,2,1,0,0,1,0,0
2,2,0,0,0,2,1,1,1,0
2,2,0,0,2,0,1,1,1,0
2,2,0,1,1,1,0,0,2,0
2,2,0,1,1,1,0,2,0,0
2,2,0,1,1,1,2,0,0,0
2,2,0,2,0,0,1,1,1,0
2,2,1,0,0,1,0,2,1,0
2,2,1,0,0,1,2,0,1,0
2,2,1,0,1,0,1,0,2,0
2,2,1,0,1,0,1,2,0,0
2,2,1,0,1,2,1,0,0,0
2,2,1,0,2,1,0,0,1,0
2,2,1,2,0,1,0,0,1,0
2,2,1,2,1,0,1,0,0,0
0,0,1,1,0,0,0,1,1,0
0,0,1,1,1,0,0,0,1,0
0,0,1,1,1,0,0,1,0,0
0,1,0,0,0,1,1,0,1,0
0,1,0,0,1,0,1,0,1,0
0,1,0,0,1,1,1,0,0,0
0,1,0,1,0,0,1,0,1,0
0,1,0,1,1,0,0,0,1,0
0,1,1,1,0,0,0,0,1,0
1,0,0,0,0,1,1,1,0,0
1,0,0,0,1,1,0,1,0,0
1,0,0,0,1,1,1,0,0,0
1,0,1,0,0,1,0,1,0,0
1,0,1,0,1,0,0,1,0,0
1,0,1,1,0,0,0,1,0,0
1,1,0,0,0,1,1,0,0,0
